i,u0_opt,u1_opt,u2_opt,x,z,v_abs,v_arg,vx,vz,gripx,gripz,aoa,aoa_true
0,0.5,-0.134497,1.3888,6.19121,2.438,15.4934,0.28,14.8901,4.2817,6.2102,2.03845,-0.414497,-0.414497
1,0.5,-0.150365,1.38694,7.68021,2.86617,10,-0.357352,9.36826,-3.49795,7.6936,2.46639,0.206987,0.206987
2,0.5,-0.151095,1.384,8.61704,2.51637,10,-0.357352,9.36826,-3.49795,8.63132,2.11663,0.206257,0.206257
3,0.5,-0.137602,1.37974,9.55386,2.16658,6,-0.357352,5.62096,-2.09877,9.57523,1.76715,0.21975,0.21975
4,0.5,-0.0950515,1.37517,10.116,1.9567,8,-0.237484,7.77546,-1.88206,10.1561,1.55872,0.142432,0.142432
